-- Dev seed: Advertisers, videos, and advertiser surveys
-- IDs:
--   advertisers: d0060000-...-000000000001 (Chromecast), d0060000-...-000000000002 (Google Play)
--   ad videos:   d0070000-...-000000000001 through 000000000004
--   promo video: d0070000-...-000000000005
--   adv surveys: d0020000-...-000000000010 through 000000000013
--   adv questions: d0030000-...-000000000030 through 000000000036
--   adv options: d0040000-...-000000000200+

-- Clean up (order matters for FK references, though SQLite doesn't enforce by default)
DELETE FROM localized_texts WHERE entity_id LIKE 'd0070000%';
DELETE FROM localized_texts WHERE entity_id LIKE 'd0030000-0000-4000-8000-00000000003%';
DELETE FROM localized_texts WHERE entity_id LIKE 'd0040000-0000-4000-8000-0000000002%';
DELETE FROM question_options WHERE question_id LIKE 'd0030000-0000-4000-8000-00000000003%';
DELETE FROM questions WHERE survey_id IN (
    'd0020000-0000-4000-8000-000000000010',
    'd0020000-0000-4000-8000-000000000011',
    'd0020000-0000-4000-8000-000000000012',
    'd0020000-0000-4000-8000-000000000013'
);
DELETE FROM surveys WHERE id IN (
    'd0020000-0000-4000-8000-000000000010',
    'd0020000-0000-4000-8000-000000000011',
    'd0020000-0000-4000-8000-000000000012',
    'd0020000-0000-4000-8000-000000000013'
);
DELETE FROM video_views WHERE video_id LIKE 'd0070000%';
DELETE FROM advertiser_videos WHERE id LIKE 'd0070000%';
DELETE FROM advertisers WHERE id IN (
    'd0060000-0000-4000-8000-000000000001',
    'd0060000-0000-4000-8000-000000000002'
);

-- ─────────────────────────────────────────────────────────────────────────────
-- Advertisers
-- ─────────────────────────────────────────────────────────────────────────────

INSERT INTO advertisers (id, name, priority, is_active, created_at, updated_at) VALUES
('d0060000-0000-4000-8000-000000000001', 'Chromecast', 10, 1, '2024-01-01T00:00:00Z', '2024-01-01T00:00:00Z'),
('d0060000-0000-4000-8000-000000000002', 'Google Play', 8, 1, '2024-01-01T00:00:00Z', '2024-01-01T00:00:00Z');

-- ─────────────────────────────────────────────────────────────────────────────
-- Videos
-- ─────────────────────────────────────────────────────────────────────────────

INSERT INTO advertiser_videos (id, advertiser_id, video_type, video_url, duration_seconds, min_watch_seconds, show_countdown, no_repeat_seconds, location_id, is_active, priority, created_at, updated_at) VALUES
('d0070000-0000-4000-8000-000000000001', 'd0060000-0000-4000-8000-000000000001', 'publicidad', 'https://commondatastorage.googleapis.com/gtv-videos-bucket/sample/ForBiggerBlazes.mp4', 15, 5, 1, 3600, 'd0080000-0000-4000-8000-000000000001', 1, 10, '2024-01-01T00:00:00Z', '2024-01-01T00:00:00Z'),
('d0070000-0000-4000-8000-000000000002', 'd0060000-0000-4000-8000-000000000001', 'publicidad', 'https://commondatastorage.googleapis.com/gtv-videos-bucket/sample/ForBiggerEscapes.mp4', 15, 5, 1, 3600, 'd0080000-0000-4000-8000-000000000001', 1, 9, '2024-01-01T00:00:00Z', '2024-01-01T00:00:00Z'),
('d0070000-0000-4000-8000-000000000003', 'd0060000-0000-4000-8000-000000000002', 'publicidad', 'https://commondatastorage.googleapis.com/gtv-videos-bucket/sample/ForBiggerFun.mp4', 15, 5, 1, 3600, 'd0080000-0000-4000-8000-000000000001', 1, 8, '2024-01-01T00:00:00Z', '2024-01-01T00:00:00Z'),
('d0070000-0000-4000-8000-000000000004', 'd0060000-0000-4000-8000-000000000002', 'publicidad', 'https://commondatastorage.googleapis.com/gtv-videos-bucket/sample/ForBiggerJoyrides.mp4', 15, 5, 1, 3600, 'd0080000-0000-4000-8000-000000000001', 1, 7, '2024-01-01T00:00:00Z', '2024-01-01T00:00:00Z'),
('d0070000-0000-4000-8000-000000000005', NULL, 'propaganda', 'https://commondatastorage.googleapis.com/gtv-videos-bucket/sample/ForBiggerMeltdowns.mp4', 15, 3, 0, NULL, 'd0080000-0000-4000-8000-000000000001', 1, 1, '2024-01-01T00:00:00Z', '2024-01-01T00:00:00Z');

-- Video texts (title + description, es + en)
INSERT INTO localized_texts (id, entity_id, locale, value, category, created_at, updated_at) VALUES
-- Video 1: Chromecast - Blazes
('d0010000-0000-4000-8000-000000000401', 'd0070000-0000-4000-8000-000000000001', 'es', 'Chromecast - Enciende tu mundo', 'backend', '2024-01-01T00:00:00Z', '2024-01-01T00:00:00Z'),
('d0010000-0000-4000-8000-000000000402', 'd0070000-0000-4000-8000-000000000001', 'en', 'Chromecast - Light up your world', 'backend', '2024-01-01T00:00:00Z', '2024-01-01T00:00:00Z'),
('d0010000-0000-4000-8000-000000000403', 'd0070000-0000-4000-8000-000000000001_desc', 'es', 'Descubre el poder de transmitir contenido a tu TV', 'backend', '2024-01-01T00:00:00Z', '2024-01-01T00:00:00Z'),
('d0010000-0000-4000-8000-000000000404', 'd0070000-0000-4000-8000-000000000001_desc', 'en', 'Discover the power of streaming to your TV', 'backend', '2024-01-01T00:00:00Z', '2024-01-01T00:00:00Z'),
-- Video 2: Chromecast - Escapes
('d0010000-0000-4000-8000-000000000405', 'd0070000-0000-4000-8000-000000000002', 'es', 'Chromecast - Escapa a nuevas aventuras', 'backend', '2024-01-01T00:00:00Z', '2024-01-01T00:00:00Z'),
('d0010000-0000-4000-8000-000000000406', 'd0070000-0000-4000-8000-000000000002', 'en', 'Chromecast - Escape to new adventures', 'backend', '2024-01-01T00:00:00Z', '2024-01-01T00:00:00Z'),
('d0010000-0000-4000-8000-000000000407', 'd0070000-0000-4000-8000-000000000002_desc', 'es', 'Lleva el entretenimiento a donde quieras', 'backend', '2024-01-01T00:00:00Z', '2024-01-01T00:00:00Z'),
('d0010000-0000-4000-8000-000000000408', 'd0070000-0000-4000-8000-000000000002_desc', 'en', 'Take entertainment wherever you go', 'backend', '2024-01-01T00:00:00Z', '2024-01-01T00:00:00Z'),
-- Video 3: Google Play - Fun
('d0010000-0000-4000-8000-000000000409', 'd0070000-0000-4000-8000-000000000003', 'es', 'Google Play - Diversión sin límites', 'backend', '2024-01-01T00:00:00Z', '2024-01-01T00:00:00Z'),
('d0010000-0000-4000-8000-000000000410', 'd0070000-0000-4000-8000-000000000003', 'en', 'Google Play - Unlimited fun', 'backend', '2024-01-01T00:00:00Z', '2024-01-01T00:00:00Z'),
('d0010000-0000-4000-8000-000000000411', 'd0070000-0000-4000-8000-000000000003_desc', 'es', 'Millones de apps, juegos y más', 'backend', '2024-01-01T00:00:00Z', '2024-01-01T00:00:00Z'),
('d0010000-0000-4000-8000-000000000412', 'd0070000-0000-4000-8000-000000000003_desc', 'en', 'Millions of apps, games and more', 'backend', '2024-01-01T00:00:00Z', '2024-01-01T00:00:00Z'),
-- Video 4: Google Play - Joyrides
('d0010000-0000-4000-8000-000000000413', 'd0070000-0000-4000-8000-000000000004', 'es', 'Google Play - Tu próxima aventura', 'backend', '2024-01-01T00:00:00Z', '2024-01-01T00:00:00Z'),
('d0010000-0000-4000-8000-000000000414', 'd0070000-0000-4000-8000-000000000004', 'en', 'Google Play - Your next adventure', 'backend', '2024-01-01T00:00:00Z', '2024-01-01T00:00:00Z'),
('d0010000-0000-4000-8000-000000000415', 'd0070000-0000-4000-8000-000000000004_desc', 'es', 'Descarga las mejores apps del momento', 'backend', '2024-01-01T00:00:00Z', '2024-01-01T00:00:00Z'),
('d0010000-0000-4000-8000-000000000416', 'd0070000-0000-4000-8000-000000000004_desc', 'en', 'Download the best apps of the moment', 'backend', '2024-01-01T00:00:00Z', '2024-01-01T00:00:00Z'),
-- Video 5: Promo
('d0010000-0000-4000-8000-000000000417', 'd0070000-0000-4000-8000-000000000005', 'es', 'Captal - Gana recompensas', 'backend', '2024-01-01T00:00:00Z', '2024-01-01T00:00:00Z'),
('d0010000-0000-4000-8000-000000000418', 'd0070000-0000-4000-8000-000000000005', 'en', 'Captal - Earn rewards', 'backend', '2024-01-01T00:00:00Z', '2024-01-01T00:00:00Z'),
('d0010000-0000-4000-8000-000000000419', 'd0070000-0000-4000-8000-000000000005_desc', 'es', 'Responde encuestas, mira videos y gana', 'backend', '2024-01-01T00:00:00Z', '2024-01-01T00:00:00Z'),
('d0010000-0000-4000-8000-000000000420', 'd0070000-0000-4000-8000-000000000005_desc', 'en', 'Answer surveys, watch videos and earn', 'backend', '2024-01-01T00:00:00Z', '2024-01-01T00:00:00Z');

-- ─────────────────────────────────────────────────────────────────────────────
-- Advertiser Surveys (linked to videos)
-- ─────────────────────────────────────────────────────────────────────────────

-- Survey for Video 1 (Chromecast - Blazes): 2 questions
INSERT INTO surveys (id, category, advertiser_id, video_id, location_id, is_active, created_at) VALUES
('d0020000-0000-4000-8000-000000000010', 'advertiser', 'd0060000-0000-4000-8000-000000000001', 'd0070000-0000-4000-8000-000000000001', 'd0080000-0000-4000-8000-000000000001', 1, '2024-01-01T00:00:00Z');

INSERT INTO questions (id, survey_id, question_type, points_awarded, display_order, hierarchy_level, is_required, created_at) VALUES
('d0030000-0000-4000-8000-000000000030', 'd0020000-0000-4000-8000-000000000010', 'radio', 10, 1, NULL, 1, '2024-01-01T00:00:00Z'),
('d0030000-0000-4000-8000-000000000031', 'd0020000-0000-4000-8000-000000000010', 'radio', 10, 2, NULL, 1, '2024-01-01T00:00:00Z');

INSERT INTO question_options (id, question_id, display_order, parent_option_id) VALUES
('d0040000-0000-4000-8000-000000000201', 'd0030000-0000-4000-8000-000000000030', 1, NULL),
('d0040000-0000-4000-8000-000000000202', 'd0030000-0000-4000-8000-000000000030', 2, NULL),
('d0040000-0000-4000-8000-000000000203', 'd0030000-0000-4000-8000-000000000030', 3, NULL),
('d0040000-0000-4000-8000-000000000204', 'd0030000-0000-4000-8000-000000000031', 1, NULL),
('d0040000-0000-4000-8000-000000000205', 'd0030000-0000-4000-8000-000000000031', 2, NULL);

INSERT INTO localized_texts (id, entity_id, locale, value, category, created_at, updated_at) VALUES
('d0010000-0000-4000-8000-000000000501', 'd0030000-0000-4000-8000-000000000030', 'es', '¿Qué tan interesado estás en Chromecast?', 'backend', '2024-01-01T00:00:00Z', '2024-01-01T00:00:00Z'),
('d0010000-0000-4000-8000-000000000540', 'd0030000-0000-4000-8000-000000000030', 'en', 'How interested are you in Chromecast?', 'backend', '2024-01-01T00:00:00Z', '2024-01-01T00:00:00Z'),
('d0010000-0000-4000-8000-000000000502', 'd0040000-0000-4000-8000-000000000201', 'es', 'Muy interesado', 'backend', '2024-01-01T00:00:00Z', '2024-01-01T00:00:00Z'),
('d0010000-0000-4000-8000-000000000541', 'd0040000-0000-4000-8000-000000000201', 'en', 'Very interested', 'backend', '2024-01-01T00:00:00Z', '2024-01-01T00:00:00Z'),
('d0010000-0000-4000-8000-000000000503', 'd0040000-0000-4000-8000-000000000202', 'es', 'Algo interesado', 'backend', '2024-01-01T00:00:00Z', '2024-01-01T00:00:00Z'),
('d0010000-0000-4000-8000-000000000542', 'd0040000-0000-4000-8000-000000000202', 'en', 'Somewhat interested', 'backend', '2024-01-01T00:00:00Z', '2024-01-01T00:00:00Z'),
('d0010000-0000-4000-8000-000000000504', 'd0040000-0000-4000-8000-000000000203', 'es', 'Poco interesado', 'backend', '2024-01-01T00:00:00Z', '2024-01-01T00:00:00Z'),
('d0010000-0000-4000-8000-000000000543', 'd0040000-0000-4000-8000-000000000203', 'en', 'Not very interested', 'backend', '2024-01-01T00:00:00Z', '2024-01-01T00:00:00Z'),
('d0010000-0000-4000-8000-000000000505', 'd0030000-0000-4000-8000-000000000031', 'es', '¿Tienes un smart TV?', 'backend', '2024-01-01T00:00:00Z', '2024-01-01T00:00:00Z'),
('d0010000-0000-4000-8000-000000000544', 'd0030000-0000-4000-8000-000000000031', 'en', 'Do you have a smart TV?', 'backend', '2024-01-01T00:00:00Z', '2024-01-01T00:00:00Z'),
('d0010000-0000-4000-8000-000000000506', 'd0040000-0000-4000-8000-000000000204', 'es', 'Sí', 'backend', '2024-01-01T00:00:00Z', '2024-01-01T00:00:00Z'),
('d0010000-0000-4000-8000-000000000545', 'd0040000-0000-4000-8000-000000000204', 'en', 'Yes', 'backend', '2024-01-01T00:00:00Z', '2024-01-01T00:00:00Z'),
('d0010000-0000-4000-8000-000000000507', 'd0040000-0000-4000-8000-000000000205', 'es', 'No', 'backend', '2024-01-01T00:00:00Z', '2024-01-01T00:00:00Z'),
('d0010000-0000-4000-8000-000000000546', 'd0040000-0000-4000-8000-000000000205', 'en', 'No', 'backend', '2024-01-01T00:00:00Z', '2024-01-01T00:00:00Z');

-- Survey for Video 2 (Chromecast - Escapes): 1 question
INSERT INTO surveys (id, category, advertiser_id, video_id, location_id, is_active, created_at) VALUES
('d0020000-0000-4000-8000-000000000011', 'advertiser', 'd0060000-0000-4000-8000-000000000001', 'd0070000-0000-4000-8000-000000000002', 'd0080000-0000-4000-8000-000000000001', 1, '2024-01-01T00:00:00Z');

INSERT INTO questions (id, survey_id, question_type, points_awarded, display_order, hierarchy_level, is_required, created_at) VALUES
('d0030000-0000-4000-8000-000000000032', 'd0020000-0000-4000-8000-000000000011', 'radio', 10, 1, NULL, 1, '2024-01-01T00:00:00Z');

INSERT INTO question_options (id, question_id, display_order, parent_option_id) VALUES
('d0040000-0000-4000-8000-000000000206', 'd0030000-0000-4000-8000-000000000032', 1, NULL),
('d0040000-0000-4000-8000-000000000207', 'd0030000-0000-4000-8000-000000000032', 2, NULL),
('d0040000-0000-4000-8000-000000000208', 'd0030000-0000-4000-8000-000000000032', 3, NULL),
('d0040000-0000-4000-8000-000000000209', 'd0030000-0000-4000-8000-000000000032', 4, NULL);

INSERT INTO localized_texts (id, entity_id, locale, value, category, created_at, updated_at) VALUES
('d0010000-0000-4000-8000-000000000510', 'd0030000-0000-4000-8000-000000000032', 'es', '¿Qué dispositivo usas para ver streaming?', 'backend', '2024-01-01T00:00:00Z', '2024-01-01T00:00:00Z'),
('d0010000-0000-4000-8000-000000000550', 'd0030000-0000-4000-8000-000000000032', 'en', 'What device do you use for streaming?', 'backend', '2024-01-01T00:00:00Z', '2024-01-01T00:00:00Z'),
('d0010000-0000-4000-8000-000000000511', 'd0040000-0000-4000-8000-000000000206', 'es', 'TV', 'backend', '2024-01-01T00:00:00Z', '2024-01-01T00:00:00Z'),
('d0010000-0000-4000-8000-000000000551', 'd0040000-0000-4000-8000-000000000206', 'en', 'TV', 'backend', '2024-01-01T00:00:00Z', '2024-01-01T00:00:00Z'),
('d0010000-0000-4000-8000-000000000512', 'd0040000-0000-4000-8000-000000000207', 'es', 'Celular', 'backend', '2024-01-01T00:00:00Z', '2024-01-01T00:00:00Z'),
('d0010000-0000-4000-8000-000000000552', 'd0040000-0000-4000-8000-000000000207', 'en', 'Phone', 'backend', '2024-01-01T00:00:00Z', '2024-01-01T00:00:00Z'),
('d0010000-0000-4000-8000-000000000513', 'd0040000-0000-4000-8000-000000000208', 'es', 'Tablet', 'backend', '2024-01-01T00:00:00Z', '2024-01-01T00:00:00Z'),
('d0010000-0000-4000-8000-000000000553', 'd0040000-0000-4000-8000-000000000208', 'en', 'Tablet', 'backend', '2024-01-01T00:00:00Z', '2024-01-01T00:00:00Z'),
('d0010000-0000-4000-8000-000000000514', 'd0040000-0000-4000-8000-000000000209', 'es', 'Computadora', 'backend', '2024-01-01T00:00:00Z', '2024-01-01T00:00:00Z'),
('d0010000-0000-4000-8000-000000000554', 'd0040000-0000-4000-8000-000000000209', 'en', 'Computer', 'backend', '2024-01-01T00:00:00Z', '2024-01-01T00:00:00Z');

-- Survey for Video 3 (Google Play - Fun): 2 questions
INSERT INTO surveys (id, category, advertiser_id, video_id, location_id, is_active, created_at) VALUES
('d0020000-0000-4000-8000-000000000012', 'advertiser', 'd0060000-0000-4000-8000-000000000002', 'd0070000-0000-4000-8000-000000000003', 'd0080000-0000-4000-8000-000000000001', 1, '2024-01-01T00:00:00Z');

INSERT INTO questions (id, survey_id, question_type, points_awarded, display_order, hierarchy_level, is_required, created_at) VALUES
('d0030000-0000-4000-8000-000000000033', 'd0020000-0000-4000-8000-000000000012', 'radio', 10, 1, NULL, 1, '2024-01-01T00:00:00Z'),
('d0030000-0000-4000-8000-000000000034', 'd0020000-0000-4000-8000-000000000012', 'radio', 10, 2, NULL, 1, '2024-01-01T00:00:00Z');

INSERT INTO question_options (id, question_id, display_order, parent_option_id) VALUES
('d0040000-0000-4000-8000-000000000210', 'd0030000-0000-4000-8000-000000000033', 1, NULL),
('d0040000-0000-4000-8000-000000000211', 'd0030000-0000-4000-8000-000000000033', 2, NULL),
('d0040000-0000-4000-8000-000000000212', 'd0030000-0000-4000-8000-000000000033', 3, NULL),
('d0040000-0000-4000-8000-000000000213', 'd0030000-0000-4000-8000-000000000034', 1, NULL),
('d0040000-0000-4000-8000-000000000214', 'd0030000-0000-4000-8000-000000000034', 2, NULL);

INSERT INTO localized_texts (id, entity_id, locale, value, category, created_at, updated_at) VALUES
('d0010000-0000-4000-8000-000000000520', 'd0030000-0000-4000-8000-000000000033', 'es', '¿Cuántas apps descargas al mes?', 'backend', '2024-01-01T00:00:00Z', '2024-01-01T00:00:00Z'),
('d0010000-0000-4000-8000-000000000560', 'd0030000-0000-4000-8000-000000000033', 'en', 'How many apps do you download per month?', 'backend', '2024-01-01T00:00:00Z', '2024-01-01T00:00:00Z'),
('d0010000-0000-4000-8000-000000000521', 'd0040000-0000-4000-8000-000000000210', 'es', '0-2', 'backend', '2024-01-01T00:00:00Z', '2024-01-01T00:00:00Z'),
('d0010000-0000-4000-8000-000000000561', 'd0040000-0000-4000-8000-000000000210', 'en', '0-2', 'backend', '2024-01-01T00:00:00Z', '2024-01-01T00:00:00Z'),
('d0010000-0000-4000-8000-000000000522', 'd0040000-0000-4000-8000-000000000211', 'es', '3-5', 'backend', '2024-01-01T00:00:00Z', '2024-01-01T00:00:00Z'),
('d0010000-0000-4000-8000-000000000562', 'd0040000-0000-4000-8000-000000000211', 'en', '3-5', 'backend', '2024-01-01T00:00:00Z', '2024-01-01T00:00:00Z'),
('d0010000-0000-4000-8000-000000000523', 'd0040000-0000-4000-8000-000000000212', 'es', 'Más de 5', 'backend', '2024-01-01T00:00:00Z', '2024-01-01T00:00:00Z'),
('d0010000-0000-4000-8000-000000000563', 'd0040000-0000-4000-8000-000000000212', 'en', 'More than 5', 'backend', '2024-01-01T00:00:00Z', '2024-01-01T00:00:00Z'),
('d0010000-0000-4000-8000-000000000524', 'd0030000-0000-4000-8000-000000000034', 'es', '¿Usas Google Play?', 'backend', '2024-01-01T00:00:00Z', '2024-01-01T00:00:00Z'),
('d0010000-0000-4000-8000-000000000564', 'd0030000-0000-4000-8000-000000000034', 'en', 'Do you use Google Play?', 'backend', '2024-01-01T00:00:00Z', '2024-01-01T00:00:00Z'),
('d0010000-0000-4000-8000-000000000525', 'd0040000-0000-4000-8000-000000000213', 'es', 'Sí', 'backend', '2024-01-01T00:00:00Z', '2024-01-01T00:00:00Z'),
('d0010000-0000-4000-8000-000000000565', 'd0040000-0000-4000-8000-000000000213', 'en', 'Yes', 'backend', '2024-01-01T00:00:00Z', '2024-01-01T00:00:00Z'),
('d0010000-0000-4000-8000-000000000526', 'd0040000-0000-4000-8000-000000000214', 'es', 'No', 'backend', '2024-01-01T00:00:00Z', '2024-01-01T00:00:00Z'),
('d0010000-0000-4000-8000-000000000566', 'd0040000-0000-4000-8000-000000000214', 'en', 'No', 'backend', '2024-01-01T00:00:00Z', '2024-01-01T00:00:00Z');

-- Survey for Video 4 (Google Play - Joyrides): 1 question
INSERT INTO surveys (id, category, advertiser_id, video_id, location_id, is_active, created_at) VALUES
('d0020000-0000-4000-8000-000000000013', 'advertiser', 'd0060000-0000-4000-8000-000000000002', 'd0070000-0000-4000-8000-000000000004', 'd0080000-0000-4000-8000-000000000001', 1, '2024-01-01T00:00:00Z');

INSERT INTO questions (id, survey_id, question_type, points_awarded, display_order, hierarchy_level, is_required, created_at) VALUES
('d0030000-0000-4000-8000-000000000035', 'd0020000-0000-4000-8000-000000000013', 'radio', 10, 1, NULL, 1, '2024-01-01T00:00:00Z');

INSERT INTO question_options (id, question_id, display_order, parent_option_id) VALUES
('d0040000-0000-4000-8000-000000000215', 'd0030000-0000-4000-8000-000000000035', 1, NULL),
('d0040000-0000-4000-8000-000000000216', 'd0030000-0000-4000-8000-000000000035', 2, NULL),
('d0040000-0000-4000-8000-000000000217', 'd0030000-0000-4000-8000-000000000035', 3, NULL),
('d0040000-0000-4000-8000-000000000218', 'd0030000-0000-4000-8000-000000000035', 4, NULL);

INSERT INTO localized_texts (id, entity_id, locale, value, category, created_at, updated_at) VALUES
('d0010000-0000-4000-8000-000000000530', 'd0030000-0000-4000-8000-000000000035', 'es', '¿Qué tipo de apps prefieres?', 'backend', '2024-01-01T00:00:00Z', '2024-01-01T00:00:00Z'),
('d0010000-0000-4000-8000-000000000570', 'd0030000-0000-4000-8000-000000000035', 'en', 'What type of apps do you prefer?', 'backend', '2024-01-01T00:00:00Z', '2024-01-01T00:00:00Z'),
('d0010000-0000-4000-8000-000000000531', 'd0040000-0000-4000-8000-000000000215', 'es', 'Juegos', 'backend', '2024-01-01T00:00:00Z', '2024-01-01T00:00:00Z'),
('d0010000-0000-4000-8000-000000000571', 'd0040000-0000-4000-8000-000000000215', 'en', 'Games', 'backend', '2024-01-01T00:00:00Z', '2024-01-01T00:00:00Z'),
('d0010000-0000-4000-8000-000000000532', 'd0040000-0000-4000-8000-000000000216', 'es', 'Productividad', 'backend', '2024-01-01T00:00:00Z', '2024-01-01T00:00:00Z'),
('d0010000-0000-4000-8000-000000000572', 'd0040000-0000-4000-8000-000000000216', 'en', 'Productivity', 'backend', '2024-01-01T00:00:00Z', '2024-01-01T00:00:00Z'),
('d0010000-0000-4000-8000-000000000533', 'd0040000-0000-4000-8000-000000000217', 'es', 'Redes sociales', 'backend', '2024-01-01T00:00:00Z', '2024-01-01T00:00:00Z'),
('d0010000-0000-4000-8000-000000000573', 'd0040000-0000-4000-8000-000000000217', 'en', 'Social media', 'backend', '2024-01-01T00:00:00Z', '2024-01-01T00:00:00Z'),
('d0010000-0000-4000-8000-000000000534', 'd0040000-0000-4000-8000-000000000218', 'es', 'Educación', 'backend', '2024-01-01T00:00:00Z', '2024-01-01T00:00:00Z'),
('d0010000-0000-4000-8000-000000000574', 'd0040000-0000-4000-8000-000000000218', 'en', 'Education', 'backend', '2024-01-01T00:00:00Z', '2024-01-01T00:00:00Z');
